Year,median_household_income,Total nominal food sales per capita,Total constant dollar food sales per capita,Apartment (1 bedroom) in city centre,Apartment (1 bedroom) oustide city centre,Apartment (3 bedroom) in city centre,Apartment (3 bedroom) oustide city centre,Basic Apartment Cost 
2015.00,71354.00,5256.75,2507.39,23983.800000000003,18685.68,45375.00,33069.96,1747.1999999999998
2016.00,75289.00,5343.06,2506.56,26506.56,20356.920000000002,52593.96,32793.00,1606.3200000000002
2017.00,79440.00,5549.05,2555.82,25761.48,20325.72,46233.36,33825.00,1293.96
2018.00,84375.00,5842.80,2632.32,26637.120000000003,20040.48,46963.68,34062.00,1535.6399999999999
2019.00,93342.00,5993.48,2632.58,27800.879999999997,21575.64,53688.00,39992.76,1685.16
